,text,id,emotions
5371,This is it thank you so much,efgwrwz,gratitude
64835,"Not really, in my mind it was continuous cringe that I was always curious about",ed1k3yr,fear
65555,READ HER!,ed8xfrm,neutral
28968,Games like this are just demoralizing for our players.,edv8awt,annoyance
47291,"I stand corrected, my apologies to the mods. I'd personally like to see more banned or removed but at least they handled the most egregious.",ef40dbx,remorse
41072,I highly doubt they would do that in CA. That would put prices at 36$/pack and no one is going to pay 9$/pod.,edkzlgx,confusion
66752,Dude. There should be like...underpants with a huge pouch for your balls then. When you age those guys get so saggy.,edcyjm0,neutral
5649,"Huh... interesting. Man, russia sure is pressing its borders out. Almost like it's looking for operating bases.",ee7ree2,"admiration, realization"
46181,Best thing about making moonshine is the ether vapors you get to collect :),ee2kpvc,neutral
66074,"Will do, thanks",eerbo7f,approval
3097,How to accidentally run over your dog in one easy step,eec5tmk,curiosity
28038,Loved him in Gavin and Stacey! Thanks for the recommendation,edr4u7k,"gratitude, love"
30335,Totally Actually I've been talking with my friend about how a unique tag team 2 kombatants that play as one would work out,ef5scbb,neutral
6647,Just made some Ham and Lima Beans with those. You are very correct ...,ed5zz4b,approval
43666,"If you're in luck, she might be waiting to be independent and find you but the chances are very slim. ",edjtrle,caring
60554,"Just go through the history of this sub, it's full of them. ",eevypzm,neutral
15743,So? [NAME] was and is a far higher rated player than [NAME] as much as I like him.,efb3lmc,love
35694,Hey didnt say being fat and short is bad,edmam3i,disapproval
56485,"Honestly I don't celebrate any holidays including new years, and whatnot. ",eeirsm3,"annoyance, disapproval"
13956,I think this guy or gal is the official 2018/2019 Winter Season Dibs Champion,ef11z24,neutral
49487,that is a rather attractive cartoon man,ee5bn91,excitement
37219,"And he'll still be unimaginably rich after the fact, so this has gone so far into edge-case territory where the unfairness doesn't really matter",edu4s0b,neutral
13935,As always I leave reddit slightly more confused than when I came here,ed8cbz8,confusion
54924,"You see benevolent, I see cynical and morally bankrupt.",eenp4pd,neutral
28656,"My dog knows when I say ""BRB"" on the mic he gets up and runs to the door.",ed4jos7,pride
23905,My mom and I do the same exact thing. I hate it.,ee89oz8,"disapproval, disgust"
43051,Is there an accepted definition of when one fart ends and the next one begins?,ee23bi1,neutral
8203,He doesnt deserve the wage he's probably demanding for them to say no thanks. no injury prone and inconsistent for that.,ed1ip2k,neutral
65763,"Hope you don't touch the menus, they're the filthiest thing in any restaurant. ",ee13mrt,"disgust, optimism"
65342,This scene was priceless! Trash TV gold.,edo5jw4,admiration
8606,"Oh, the boat was already on its way out lol",edoxrhk,surprise
17416,She loves it. Watch Rick and Morty. Do it yourself.,edz6eeo,love
13192,"I fear slowly losing myself, and my cognition over an illness far more than I fear dying from a random accident tbh. ",ed08f83,fear
66338,"They understand alright, they just don't give a shit. Bunch of fucking scum.",eenojw1,"annoyance, disgust, embarrassment"
39432,They are super super awkward.,eenfgny,neutral
11471,The chubby one scurrying away against the baseboards has me cracking up. Typical hamster.,ed1ghrq,amusement
46437,"I find porn disgusting and boring, could this be a sign I'm asexual?",eedpgo0,"curiosity, surprise"
33512,"oh man [NAME] is the guy that said the show saved his life, love ya buddy",ef9fp3t,"caring, love"
68735,"Great piece, thanks for sharing.",ed41i01,gratitude
28189,"Thank you so much, fehduhp! I will tell her this. ",ednlixb,"annoyance, gratitude"
45292,I agree. She seemed to truly love [NAME] . [NAME] loves the life [NAME] provides fir him. Itâ€™s a sad situation.,ed1clkx,neutral
12876,Ill send the dankest of fresh memes so theyll scurry off to steal them,ee22hrh,fear
38570,"Shhhhhhh ... It will be ok, honey.",edirstx,"caring, love, optimism"
28616,"Gee, a GIF that doesn't move. Thanks, OP ",eeddufs,gratitude
68030,"Enjoyed pulling moves, if you can find it. Was a comedy very Belfast centric though. ",eddg5o4,joy
36356,paahahaha cry more sweetheart,ed5ermq,amusement
3264,up shut fuck the,edu25vw,"anger, annoyance"
49655,You need to talk to her openly about this... without shaming her. Sheâ€™s being open and honest with you. Your turn.,ed2dkl8,caring
48537,It's cuz we've played less games than them,ed45wcq,disappointment
37124,"Yes. Get used to it, it's not going away soon.",ef4nhzn,neutral
68723,I love this game already,ed9s3f7,excitement
7040,"Just ""asking for a friend""...huh? ðŸ˜‚",ee9qmh5,surprise
49121,You came to die,ed2r0uh,neutral
22189,we got good at breakaways!!,ee36h4i,approval
56276,DID SOMEONE SAY THE TH WORD!!!!! I HAVE ARRIVED!,ed1wupq,neutral
17736,I bought the double barrel and fully upgraded it and now it's one of my favorite guns.,edynsyn,"joy, love"
43431,Heâ€™s one of them! Get him!!!,eeihdwx,neutral
61075,"That's fair, but it's gotta suck being one round off the qualifier and then watching your teammates go anyway without you.",ee8000u,"approval, optimism"
49000,I'm so sorry you were bullied in a place you should have felt safe.,ef7iq2u,remorse
54742,Lol I learned how to train on the app no joke,eearuc3,amusement
34615,Now there are two of them!,eernhfh,neutral
24485,oh thats nasty!,ed5f1q6,annoyance
2731,Lol this happened literally 5-10 seconds after the screenshot was taken too,edzmgug,amusement
812,"I used them too, did a great job but they were super expensive.",ed4b598,neutral
3052,[NAME] looks hot in her 70â€™s outfit.,ef894zh,gratitude
61900," it sounds like you're setting up for a good 2019 keep the boundaries going, and I hope the surgery has no complications and everything heals up fast!!",eczhjuj,"approval, optimism"
7412,"[NAME] a fuckboy, he was never your boyfriend.",ef85ai3,"caring, disapproval"
43998,"I watched that one, her butt is real lol",ef9z66d,love
25643,People working in hospitals are seriously under appreciated.,efeh2gd,admiration
3570,"If wishes were horses, beggars would ride.",ee7oly6,neutral
46845,Do not use logic dude. Not cool.,edfxikv,neutral
23485,Posts like this depress me severely. I pray to [NAME] my kids don't live with me until they are almost 30.,ef17zkd,optimism
37483,"Theyâ€™re also communist, so that puts them above their reproach",eduegvg,"disappointment, disapproval"
29382,You gotta love the process.,ef9d2v7,love
37572,Hence the apology note.,efd6khq,remorse
55918,Detroit can be interesting...,ef43ix0,excitement
30408,Because III is already remastered... so why not?,ef3kafo,"approval, curiosity"
26838,2nd fav dunk after [NAME] on [NAME]. Still get chills seeing [NAME] go nuts on the bench.,ed1ci2g,neutral
25340,Das pretty sweet. No-look throw!,ef8a937,admiration
19605,I feel like I'm watching a scene in an action movie but with penguins,edidhkj,surprise
23883,"Yep California, I would've been surprised if they cleared him.",ef50zaj,"approval, pride"
17581,[NAME] I hate Twitter,edumccn,anger
6967,Absolutely. 100%.,ed36w88,neutral
3774,Thanks man....,ee0qjb7,gratitude
35388,Omg what simple brilliance. The nbme is a waste of time!? Genius!,ed01cgx,admiration
32236,It's the issue with a lot of 'activists' who think all's they have to do is exist.,ed8dcup,neutral
14879,"Right, ok thank you.",ee8l5zw,gratitude
27684,Also there's plenty of pedestrians who wouldn't stop and wait. I'd rather error on the side of not hitting a pedestrian.,edjoweb,realization
21922,"Op you're fine, anyone who's actually been in your situation would have reacted the same. This commentor is just trying to make you feel bad. ",ediagf8,anger
11013,What a gift!,eeovg3s,surprise
52828,"[NAME] there are so,many. But my favorite are: Hold you in my arms ~ [NAME] Dont forget me ~ Way out west [NAME] ~ [NAME] ",ed50uka,love
19377,Holy shit nice block [NAME],edojzsn,admiration
24135,There were two attempts. They didn't launch very well,ed2q3k7,disappointment
58209,Fuck these trendy hipster joints. Give me my shit like normal fucking people.,ee3nyiy,anger
39372,So pure I'm smiling :),ed7v2ap,"joy, optimism"
53624,"haha, actually haha",edqdlsk,amusement
61762,"I don't think WI is lean red, after 2018 I'd argue for it being either tossup or lean blue.",edwp27w,disapproval
60514,I don't know him well but I have met him a few times through a mutual friend. Really nice guy and very young for his age.,ef4qebe,admiration
67053,"It seems hazy, and thereâ€™s been conflicting messages",edjrni7,disapproval
42010,I visibly recoiled from that.,edsj9jg,"approval, realization"
16837,Don't meet your heroes,edfo0jm,neutral
24143,iâ€™m kind of overdunked actually,edfmndg,embarrassment
46092,"Neither are sleeping adults, so it's ok to kill someone as long as they are asleep.",ef9z6df,approval
23866,I thought that type of camouflage failed horribly because the high contrast and defined shapes made the ships really stand out.,eevkkqw,neutral
47903,"Even ""not allying with Dems any longer"" ME thinks this involvement is a good idea...",edsgt53,neutral
26849,"""Hey look at this reciept! Oops I totally didn't mean to show off my great body."" I see what you did there ;)",eeqb4x1,admiration
43164,"Looks like this one worked out juuuuuuust fine. Happy pizza giving, fellow redditor. ðŸ’œ",eeldeh8,"joy, love"
54334,This dude live near me. All my highschool classmates are big fans of his and look up to him.,eens3mp,joy
68821,Nail in the coffin. Sucks that refs always feel the need to call an equalizer penalty,edclxfh,neutral
68892,Oh my gawd. WHAT?,edfzeoi,neutral
51311,"I chuckled, sue me",ef8fmqb,annoyance
364,"Tell him to run over to the patent's office and copyright the name ""Green Goblin"" and I want a quarter every time somebody says it.",ef3qaa6,neutral
49327,I like him too but when we DFAd him last year youâ€™d have thought we cut [NAME],ee2f4ik,approval
7416,[NAME] is amazing.,ee3x6ta,admiration
67985,ISN'T YOUR CLUB RUN BY A JABBA-THE-HUT-LOOKING DONALD-TRUMP-ACTING MORON WITH A ~~FIVE SIX SEVEN TEN~~ FIFTEEN YEAR PLAN?,ef51yc8,curiosity
35884,"Damn it, karen",eenayzd,"anger, annoyance"
43678,Congratulations! One day youâ€™ll look back on this and laugh. Itâ€™s the best thing youâ€™ve ever done.,ef7fa3l,"admiration, excitement, optimism"
29694,I'm generally a supporter of law enforcement.... But what the actual fuck.,eeejbqt,"approval, disapproval"
46202,You can smell the basement from here on him,ee8ynix,neutral
52512,Google image him. Hes NEVER had a good haircut.,edurytq,disappointment
10227,"""That's impossible."" ""It's necessary."" If they were aiming to make a [NAME] a steely-eyed missile man, they succeeded. ",eeay2nt,neutral
28659,you guys are mean lol. teacher said talk to a forum if there's no existing church. thanks anyways,edqbr70,"amusement, gratitude"
34662,Cool as hell,edurxen,disgust
22445,"Look at that smug look on her face... Almost looks like she's saying ""tell [NAME] it was me""",eexindp,pride
46126,Mouth hugs!,ef7smpo,gratitude
21379,They might trade for [NAME] or give France a chance. Still scratching my head at letting CV go.,ee0ocef,confusion
12632,"It was pretty heart breaking, then the council came out and said they weren't going to collect them. Made a lot of people mad. ",ee6gugz,"disappointment, remorse"
46171,"Me too, I'm shitting myself.",ediwfj0,nervousness
42400,1 goal doesnâ€™t make up for the point you lost us [NAME],edlu9qt,approval
28158,The rare times when they can be arsed to start their own conversation they always talk about why feminism is actually to blame.,edekasc,neutral
24801,What exactly are we looking at?,edgqcnq,curiosity
17637,Stop using your corporate jargon around here!,eeq6u4m,anger
33843,Crows going to bounce back hard.,edltoi3,neutral
43902,I'm not counting on them getting elected. I'm counting on them putting enough pressure on the Conservatives to actually become at least a little conservative.,eenpxuu,optimism
17223,"And maybe you can divert her physical touch to something like holding hands, or putting your arm around her while sitting on the couch. ",ef7n25x,neutral
38867,Yea idk what to tell ya man sorry. Not sure why itâ€™s doing that,edihorn,remorse
58082,Just split for gods sake before kids are born.,eeokhqf,"disappointment, sadness"
19174,OH MY GOD TIDYING UP WITH [NAME] IS ON NETFLIX RED ALERT IM GONNA GET SO ORGANIZED,ed8teow,"approval, curiosity"
45839,"I have seen this gif like once a week for a year, and I still cringe every time. ",efgu64p,fear
5067,"I like to believe he faked his own death, so he can enjoy his many Bitcoin coins and wealth. ",ednuw9i,"joy, love"
4064,"I almost feel sorry for the poor fellow because, to me, the fingers still look abnormally stubby",ef4qf89,remorse
36401,I can never refold the paper properly so kudos just for that!,edxag0k,surprise
63583,"It doesn't cost money to organize. It costs time, effort and concern for your country.",eec321g,"approval, realization"
1111,"The last thing I want on my team are former Eagles players. Fuck that team, the organization, and the shitty fanbase ",edj2c95,anger
53043,I stand by my point: why do you care what he does now.,ee35mtf,neutral
45450,"Sounds like you got really lucky bro :). Did you ever see the guy again? If so, did he ever bully you again? ",ed54ebn,curiosity
4136,"I personally believe [NAME] is asexual, other characters in simillar situations all get hints toward homosexuality but I can't remember any for [NAME].",ed6tngi,"approval, remorse"
17989,The most sense the internet has produced in a long time. [NAME] bless this dude.,ee92rok,excitement
59507,Ahh going to bother me I remember it. Let me do some research!!,eevh21g,disapproval
49021,I hope he isn't scared to over power the thibs guys on the coaching staff. It seems like he is a hestitant to make any major changes.,edl1b63,optimism
16366,Chipotleee! [NAME] Damitt! Closes in 39 Seconds.. but we made it!! Loved this guy!!,eejzyyw,love
63431,"Without Googling it? Are you kidding? (Please don't look up ""kidding"" in the dictionary.)",eezn0xe,anger
27816,Itâ€™s not even news.,ed2w9h3,disapproval
49694,Glad to see I'm not the only one with that bug. Maybe someone will report it some day.,edzlm0e,admiration
55659,I have listened to him and that's how I know he's a terrible person and his goal is to turn impressionable people into terrible people like himself.,ef9yjcf,"annoyance, disgust"
24500,I donâ€™t think you even know what you are talking about yourself,edku5vm,neutral
11264,"When you decide to root against your favorite team, for a better future â€œThe hardest choices require the strongest willâ€",eednuty,neutral
56619,Glad to hear. Thanks for the support.,eehlcox,gratitude
17296,"If I met a woman that loved me and I her, that stuff wouldnt cross my mind. Its life. You make it work. ",eeh8udk,"approval, realization"
21063,Yeah but if you do have a problem you'll be faced with a very difficult decision.,edx014m,neutral
2161,make me HmmMhMmM in my pants,edfshhq,neutral
21892,"Ah, so you're the reason people hate aspies. ",eeoi8qj,anger
50546,Have some cold thoughts rather then having hot thots.,edy9zfv,neutral
42483,Can be a while or never. They filed with place holders filled in for required details.,eenjdip,approval
19111,"I'm saying [NAME] is the pretentious one, and that the original commenter's response to him is a perfect mockery of the asshole ",eczmsz3,"anger, disapproval, disgust"
12181,hmmm interesting... i guess your an interesting lady. PM me then. :),ednjmtu,amusement
23068,"I'm glad it helps, best of luck on your journey. You've gone 7 days clean, keep doing what makes you clean for 84 more!",ee9xcq8,gratitude
58215,"When asked about my hopes for the Wild, i always (half) jokingly say, â€œi hope my grandkids can see them raise their first Cupâ€",ee2zen1,optimism
61721,There is a startling lack of empathy in this thread.,edtiqvt,surprise
28588,"TD: ""You cant just call everyone you dislike a nazi!"" Also TD:",eeq3zkj,neutral
52075,"No kidding, this dude is trying to drown some serious demons.",ef8u9ed,neutral
12034,"This might actually be one of the few cases where parallel poly will make sense, then ^^",edjqpki,neutral
67954,Here you can see for yourselves,ed5ub50,neutral
53888,yes!! i was like oh my god. oh my [NAME]. itâ€™s gone. the weightâ€™s GONE. iâ€™m FREE!,ef2hnpn,embarrassment
11249,i wouldn't take that significant of a pay cut. you should keep your job and do your creative writing on the side/free time.,efhbbj9,caring
23357,Note 2.,edcg0h9,neutral
55312,Just from this video I can conclude that Saquon is a better DB than BW Webb is.,eepj3uk,realization
40683,Yeah thats exactly what I said. Im too weak to do it.,edkq0pv,approval
5363,We could be internet buddies!!,eeecv9d,excitement
47857,felt like that shot by palms was our first in a while,edf8z2z,pride
54156,LOL at the tldr. What a crazy story. I'm glad the writer got some friendly new relatives out of it.,ee5vs7z,"admiration, amusement, joy"
32188,[NAME] the curse is real. This ones on you LeBatard.,ed4b924,surprise
13326,Should probably change the title to add that it is for medical only.,edkwm2x,confusion
47536,i think your comment would be more relevant if it was a common opinion that big boobs were unattractive...but it really isn't,ee208kd,neutral
26590,He's eating cheese and watching football in the sky now. Rest in peace!,ef9u23n,sadness
52152,Ah [NAME]..... wept like a baby,eeyv4or,neutral
19448,Yes.... because they are dictatorships.... capitalist america is ending bad too if you pay attention.,edzkzgk,neutral
33047,Mozzarella sticks!,ef7nsry,excitement
22849,What about Dallas and Austin?,ef24rjj,neutral
37228,I think maybe it's because there are just more single moms. I don't know though so I'm going to look it up.,efa1um1,neutral
23216,I take it they donâ€™t train high risk traffic stops in Arkansas?,eczpwqw,confusion
67040,Victimless crime? Fuck you! Sounds like your unrepentant for being a crippling alchoholic.,ed682ny,neutral
10018,Pretty old when you're 12.,ee15qyq,disappointment
23865,This. Literally this post. This post is a good start. :),ed1r1m5,neutral
67282,[NAME] thank you so much this is so blessed,efcrksr,gratitude
51586,This jokes a name changer,ef4p8vx,admiration
6024,"Take a shower brother, i can smell you through my phone",ef4nswg,disgust
32599,if your favorite subreddit is the correct spelling of Zack then youâ€™ll LOVE r/zach,eeoi2qb,love
45997,Since [NAME] are technically [NAME].,eeq6pcn,neutral
59529,A person seeking companionship is one thing but attention from as many dudes as possible is another lol,ef0hcsr,amusement
7023,"No problem, glad to help.",ee36ak1,gratitude
12764,"Adjust grip, change how you aim, and donâ€™t worry about it.",ed5p2c5,relief
35146,"So the price goes up until it's worth it for UK people who want to ""work for a few months and make some money""",eera73a,neutral
45568,I just saw that they deleted their account. Good.,edqwzsc,approval
30047,AND THEY ARE REALLY ANNOYING WE MADE FIRST CONTACT 30 YEARS AGO AND THEY'RE STILL SENDING US TERRIBLE MINION MEMES,eej0h4g,fear
62776,Heâ€™s one of the calmest goalies Iâ€™ve ever seen in general haha,ee98inu,"amusement, approval"
3283,"This is something kids do on their twitch streams to get subs, pretty sad.",edw7tfe,disapproval
7758,Except [NAME] still went with the happy ending instead of ending it at the Aningaaq scene.,ee5oo2m,joy
22096,"Yea, and trading away young players does not make us better.",edi3som,neutral
26582,He looks normal. This entire post is a massive reach,ef6wikr,neutral
51850,blocking [NAME] run ? Very bad,eeg2bai,"curiosity, realization"
45038,Thanks for posting.,ee1olco,gratitude
54880,>Default mods you people keep saying those words like they mean something.,ed2a2d6,neutral
39830,favorite athlete of all time for sure. [NAME] and [NAME] are my other 2 haha. [NAME] up there for my own sanity,ed6gjdn,joy
9603,I feel like i really want to go learn metal casting from [NAME] now,edoqn2k,approval
64589,I definitely recommend trying to play more tanks to understand positioning and creating space more- helps you understand what the win conditons are IMO,eevu4df,approval
55320,Oh good lord what did I create,efecwl0,confusion
14698,I want to thank whoever lied to her and said those contacts were a good idea,edg27ur,gratitude
59436,Yes! Wonder how tall the girls will end up ðŸ˜‚,efb3g99,"optimism, surprise"
18559,"Dawg, turn on the volume and smash that screen record button. too easy.",ednjf2q,"anger, annoyance"
48307,"This guy is bigger than [NAME], maybe. But I've never heard of him.",ed6pvm9,neutral
30691,It's not even Goats. Just got to the point I realised the Devs don't care about what happens below high elo.,ee2yx5j,neutral
61275,*Duck Tales! whooh ooh* *Every day they're out there making* *Duck Tales! whooh ooh* *Tales of daring do bad and good luck tales! whooh ooh*,eexjw4o,neutral
40210,I love my Arabian but I have found the golden turkmen to be my more go to horse.,ed6r9i2,love
50993,This is the dumbest post I've read today. How's that?,edjcd04,neutral
37354,"Yes it absolutely is, that's just not it's formal name. [NAME] commiting treason is absolutely a crime",eed7tq7,sadness
13604,Omg at this rate he's gonna be in the next smash bros,efdo4w6,surprise
53600,Can we ban this person? Post history is sketch. Thanks in advance!,ed0x3ik,"confusion, gratitude"
50433,Would be a good idea what deal labour wants.,ed2ryb4,optimism
59217,Exactly why Iâ€™m saying we wonâ€™t land KD ... but Knicks fans do know a lot about dreaming.,ednksk3,disapproval
60859,He does look old. Could just be a poor rendering because [NAME] doesn't look so good either.,ee0sric,disappointment
26218,All this guy did was ask what a bronie was. I'm not understanding the hate,efeyepz,neutral
698,I canâ€™t imagine having a plan B when it comes to dating. That just seems disrespectful to not devote yourself to the person your dating.,efemh76,annoyance
47428,I regret that I understand that reference :(,ee18oid,remorse
52524,This is just a stupid question. The answer is who cares? [NAME] is on an entirely different level from [NAME].,ee826u2,embarrassment
53006,No problem if you want further reading there is dedicated forums out there for punting.,eec4trr,relief
44745,"[NAME], too. [NAME] is very guilty of this.",eerwnf8,remorse
56913,And no fall damage,ee400k7,neutral
16607,"Shut up, why you so stupid!? I'm just kidding",eeom089,annoyance
59485,I literally just finished watching the second episode of Daredevil. This pains me,edosqlh,neutral
19408,I had dream where someone said this to me having no idea it was him,ef9kkm5,"desire, realization"
13919,This thought brings me too much joy. The tantrum-throwing traitor has taken me to a very dark place.,eda35dz,joy
24186,Do you even TRY TRY TRY???,ee325jq,confusion
16574,"It is designed that way, but curiously, some of the color options are not worn",edqa3qc,curiosity
68436,Our federal budget is $4 trillion. Until entitlements are reformed the arguments over what things cost is irrelevant.,edqsyb9,annoyance
16712,It is not so much the organs but rather the fluids within the organs that reek when burned. N8,edb8cfe,neutral
67995,That guy at the start with the hat reminds me of [NAME],ee7w8on,neutral
57897,I was just watching the episode last night. So adorable.,ef609hz,admiration
35872,I donâ€™t think high fees is something they like... but the rest I totally agree with you!,ee257ss,"approval, optimism"
44533,"Know when to shut up, you have to. Needs to learn she does. Nice job.",ef33tsp,approval
42459,Oh absolutely. No way he should run in 2020. I don't know what alternatives there are though.,ed9fqtg,"confusion, disapproval"
64726,Things did not go well on Eros Station...,ed6gyrn,sadness
6966,"Think this was an underrated signing. Dudes such a beast when heâ€™s on, can go multiple innings.",eesoodc,"admiration, disappointment"
64572,Fucking [NAME]. It's always [NAME].,ee1uv64,anger
37909,Sometimes to do what's right we must give up the thing we want the most... even our dreams.,ef8dws3,confusion
13459,"I thought it was a bachelorette party. Re-reading it appears it isn't, which makes her reaction even more immature.",ef24mnw,neutral
9357,That baby needs a smacking,eett28k,neutral
67074,That's where cap 2 sleeps. Leave it be,edlko45,neutral
18430,This is horrible... One of my worst nightmares actually.,ef00z5k,disgust
42726,Spiritual shorthand. You nailed it. That term says it all. They've become so practiced in it that it has become meaningless.,eep3n6t,neutral
45734,Imagine the wild sex?,eepcms5,neutral
46356,do people actually dislike space cop or is that a meme?,eehksno,neutral
63979,Be careful with the Washington Times. It's not exactly the Washington Post.,edbdtxe,caring
53115,Oh... Cool,eekle2v,admiration
9801,Fucking [NAME] with lazy passes all night long,ef50qp9,anger
56325,I love 4 and 5 just as much as the early seasons. You can't recapture lightning in a bottle; I'm just glad they kept at it.,edsftf4,love
64071,So juicy i'm surprised the man from Del Monte isn't knocking at his door.,edx3b1v,surprise
22176,[NAME] is basically this really cool guy who had some progressive attitudes towards sex and now society vilifies him just for bringing some pleasure to nice young ladies,eddbyhc,neutral
62991,I'm American and only speak English and didn't get that pun either...,ee9cxi4,neutral
5655,I love the DC movies :(,efacy5s,love
21112,Just because you stopped to let me cross doesn't mean the other 3 lanes of cars did.,ee3wic3,annoyance
7218,"You're not [NAME] about your joke, good pun there mate",ee23fqj,disapproval
61012,"Akshon Esports do amazing and high quality content for Artifact, crazy they get so few views on their videos.",ee239b7,"admiration, confusion"
18520,"Warning to all new comers, you are likely to experience Delayed Onset Muscle Sadness.",ed51a7s,caring
13329,You sound like my gf. I'm so lucky to have her in my life.,eelqx18,"love, pride"
29194,Reports of a small fire or a transformer that blew. Nothing that Iâ€™ve seen has confirmed either though.,ee90jpy,neutral
39466,"First of all, sorry for your loss. Keep in mind that funerals are for the people still alive not the person who has just died.",ef8jfd9,grief
33627,"True love, that's the way to go right there. Sex, drugs and Rock 'n' Roll",eff8j3o,neutral
42664,Got a good laugh out of that. Plenty of wall of shame material.,ef4d93d,amusement
68580,Holy shit that was fucking bad...,ef4rdyh,anger
26158,Which subcommittee?,ef3ek34,neutral
26604,Of course. Just know that I know that you know you're a liar.,ef882m1,disappointment
47856,Still helpful. Thank you!,eelpp19,gratitude
46865,"Keep spreading the word fellas. Wishing you all a great 2019, love you guys and the whole community.",eczvdjk,"admiration, love"
11980,"Wait, what do you mean by NOT tanking? Is that legal?",edao2ak,"curiosity, realization"
14082,Then getafe should have gotten their first goal. Ref is really bad.,edevejw,"annoyance, disappointment"
3056,Tell her to stop eating shit and start using mouthwash.,eebg4nh,annoyance
12014,I do that when I don't do my hair and I don't want anyone to see me looking like that,ed1eodc,neutral
60128,I donâ€™t get this question as they know full well exactly why I am not married!,ee0u6zp,confusion
35464,"I haven't gone to someone to talk about it. I really want to, though. ",eda9w24,curiosity
37980,"Messages like this will always get replies from me, even if it had been about erm punching me?!",eewtkew,neutral
57247,Perfect World was my first mmorpg that I played for years. Super fond memories of the game.,edbpk9y,neutral
10477,awful vehicle physics that cause you to instantly die when hitting small bumps and certain angles! WHY!,ed1sght,annoyance
12554,"Are you [NAME]? Haha Kidding but shouldnâ€™t feel that way, you tried it and now try to look for something that will keep you going. ",ee0mmm7,"amusement, caring, confusion"
32460,Warriors ruined him tho,edy8lq5,neutral
68130,"She doesn't sound like a good girlfriend then, assuming you've done nothing to warrant such jealousy.",eepfme2,sadness
22647,[NAME] are you me? Like I was relating and then you said rot in Atlanta traffic and the pains of 285 burned into my mind.,eey579w,neutral
21008,Thank you for saying this! (Extended breastfeeding mom of a 2.5 yr old here.),edkyz0y,gratitude
40342,I love me some RFM. My wife said he talks like a robot.,ee1p1lm,love
20498,They're living their fantasy.,ef2ujm3,admiration
55921,Stay at home if youâ€™re sick,ed60q0v,caring
50690,He looks like some super imposed [NAME] face (from dumb and dumber) onto a kneecap.,eefoom3,gratitude
43317,Please seek medical help,eeyoa9n,caring
51278,Thank you. I appreciate it.,eeg4s9z,"admiration, gratitude"
35877,"No. If you want to make sure you play with people with mics, just put a post on LFG. Problem solved.",eee1929,desire
12388,Coulda had [NAME] at a much cheaper price but apparently we gotta have a hard on for returning players.,ees2tk1,disappointment
60595,well she went to prison for **armed robbery and kidnapping** so after learning this i could hardly give a shit about her,edzalnw,realization
29282,"My first [NAME] bio said something like ""I'm not gonna fuck any of you, so don't try""ðŸ˜‚ðŸ˜‚",ednjccu,embarrassment
68213,thanks. I really hope it does get better,eezezkf,"gratitude, optimism"
4492,I found some very interesting things on the mind shock podcasts about questions I had. Enjoy the digging in the reddit hole.,ee28rzf,"excitement, joy"
9366,"Those are the [NAME], they sing backup for [NAME]. Theyâ€™re awesome!",edzqfl7,admiration
22777,"Oh dear. Yah, start with the criminal lawyer then - custody wonâ€™t be an issue if youâ€™re in jail. :-/",ef21i8j,neutral
41383,This was insane. I knew [NAME] was legit when he swung at a pitch while being intentionally walked and almost hit it out.,eej6j6y,surprise
69623,I know this is a joke but people on this sub actually think this way lol.,ed9ip09,joy
47842,Greyâ€™s Anatomy is still on the air? I thought it was cancelled years ago.,eeik8dd,curiosity
47970,>fail at reading comprehension >Other guy must be a troll Â¯_(ãƒ„)_/Â¯,edx1l7z,"amusement, disapproval"
50673,Because they want to. Why do you act like a goddamn weirdo about stuff like this?,ee50y9s,anger
60122,Could also be an overwhelming guilt in the heat of the moment. Probably hard to stay rational when you realize you've killed your own friend on accident.,ed2f6zx,approval
25987,good. can't even describe just how terrible this entire thing was. just make 1000% sure this is the right guy.,eerwihr,admiration
2332,Bet flop. Good [NAME] what are you doing on the river.,ee6hcjf,curiosity
12672,What a sweetheart.,edq5mpc,love
23496,I am he does suck,edevlob,neutral
20976,I just switched to the extra srength coconut oil one and i absolutely love it,ee1dd5r,love
18394,Sweaty irritates me. But Its not exactly drag lingo. I've seen it on so many other subs too.,ed261nh,annoyance
21175,yea ok dude,eduyyy8,approval
17722,I love lighthouses,edtrjsu,love
15336,He really channeled his inner [NAME] for this goal,eevfdxy,"admiration, approval"
53303,"I just realized people in apartments are essentially screwed, that is too bad man, hopefully you'll get that going soon! It's worth it!",eeh5aip,"curiosity, disappointment, disgust, embarrassment, fear, sadness"
32839,"i heard that the flames from the fire were so hot, they literally burned the very wood the church was made of",ee5bzpn,neutral
54469,Iâ€™m seeing nothing the same besides the head pose and the hair. Canâ€™t even see her eye look because of those gigantic lashes,eeqkyxw,annoyance
200,"Something's wrong. The top post on r/conspiracy isn't completely anti-conspiracy? Wow, feels weird. /s(?)",edxcgm3,"confusion, curiosity, surprise"
35916,[NAME] was mediocre for several years in a row even if he was winning. He matches [NAME] more than anyone,efewjyc,realization
16001,"Why's it called going into 86'ed mode though? I've never heard that before, it's interesting",eeoecpu,admiration
28044,"I don't even know how to begin explaining something this preposterously self-evident to you, so I'm just not going to. ",ee5zpvn,"confusion, disapproval"
42161,You replied to a bot that quotes a movie.,edwiz8y,neutral
46045,I got mine at 21. The ex wife would have had me snore instead of wear it for years.,eeldagg,neutral
6220,Big thanks to OP for that magnificent wall. I guess that we can reopen the government now.,ee15at7,gratitude
27369,Are they sure one didn't kill the other and themselves?,eeflebd,curiosity
52279,I have and iâ€™ve also shot some akâ€™s theyâ€™re not too bad but i still prefer handguns despite the kick.,ef3x2qg,"annoyance, love"
2417,But that seems to be the extent of what friends ive ever been able to make,ed4m2th,neutral
44846,"My day gets better every time a poser is exposed, so thank you. Think of your own content and people will respect you more.",eey09jl,gratitude
63362,why are other dashers such [NAME] ðŸ¤£who made yâ€™all so upset,ednbvab,"disappointment, sadness"
2516,Bugger them all,efe4z22,neutral
57100,I teased him about being an off center unicorn lol,efbh5se,amusement
67094,Is it actually happening?,efgxbbk,curiosity
9032,[NAME] would have won MIchigan. He won the primary. It's hard to fathom but some of [NAME] voters ended up switching to 45,edn4xo8,"gratitude, pride"
36813,No bots in online multiplayer.,eeoaj00,neutral
44297,I thought it was all of Yorkshire... could be wrong though and it is just City if York!,ed3n7rp,neutral
10499,Bahaha that wasn't a shot attempt until the last second,eehoyyh,joy
2175,"LA isnâ€™t some scrub team, a win here could really boost us. ",edxa7ve,admiration
48636,Let's say he quits or is fired (we already know neither will happen). Who the [NAME] would we pick to replace him?,ed3re3h,surprise
33211,Hmm. Never saw a COMMENT downvoted!,ee1quua,neutral
10340,"Damn, learning from Hungary real fast I see ",edx3nr4,neutral
1118,Refusing to pay someone for work that they've done is theft. You can try to justify it any way you want but that's what it is.,edxf3vx,approval
129,"*and, sorry for the spelling mistake",ef3uwi8,remorse
59488,say it with me now super star,ee144wo,neutral
45780,"My first messages from women are either ""hi"" ""hello"" or ""psst."" Yeah I'm not wasting my time.",ede7csf,amusement
68562,You've got thoughts coming your way my dude,edmfl8e,caring
33956,â€œSo a guy cusses you out for lowballing him...â€,ee9v6bz,curiosity
68159,"Things have changed since then. Now it is known what leave looks like it has no support, so it is logical to revisit the only alternative.",ee7durz,curiosity
16218,Maybe she recognized you and didnâ€™t want to hear your (obviously) stupid comments.,ef7x1e2,realization
7074,Sheâ€™s so cute!,ef443qr,admiration
22762,Goddamn it Your username just started a song in my head ðŸ‘¶ðŸ¦ˆ,eet8aq6,disappointment
59005,I'd be shocked if he knew much of anything about the EU.,ed0xrb1,nervousness
20289,"You're welcome, eh",ed1evkv,gratitude
52064,Well glad she got out of the situation safely. I would much rather NOT have to investigate and know someone is safe.,ed8asg7,joy
17231,"I personally like [NAME] and think he could be on the team right now, but the Org doesn't agree.",eczdzjj,disappointment
5278,I do: PUT SOME CLOTHES ON,edanypn,approval
52649,"I'm glad centrists feel unwelcome in the labour party, that's how things should be.",eetxf41,"admiration, disgust"
23750,the whole summit ice r/nathanforyou episode is amazing.,ef6v1o7,admiration
2552,Rest can be so damn broken.,eeh8smv,anger
24426,"Troo, troo....worse eban dan eat pizza wif aht a ferk. ",ee6c291,disgust
36050,Aww so sweet. One of mind fights to lay under mine while itâ€™s in my lap. She loves the heat from it ðŸ˜‚,edx3gfa,"admiration, love"
40398,Your #1 priority is the apartment paperwork. Good luck,ef4eqnj,neutral
69254,"""Seeeee! We have one of them coloureds too!""",eeb52e6,approval
54912,I'd pause and say yes...? Haha.,eegm2om,"amusement, curiosity"
29033,That makes it an extra special accomplishment. Yay!,edbbgat,neutral
29217,Macron 2.0 basically.,ee6snzf,neutral
48884,Self driving cars still won't help fix the problem if old people can't afford them,efe4kin,disapproval
50028,"I buy VHS, DVD and Blu-ray. I have a huge collection.",ef42k4i,approval
45028,"this has been an issue ever since, they already know and don't seem to care",edktapk,neutral
69043,Thank [NAME] for you,ed5c84u,"caring, gratitude"
56886,This is maybe the lamest way you can say that.,ee72i5d,"annoyance, disappointment"
48445,I had the volume so loud and it came out of nowhere. It felt like those meme videos with the morning.,ed8khhp,"confusion, realization"
57378,Some of my posts got removed because of rule 1 despite them clearly being about [NAME].,efef7rp,neutral
5507,"You speak the truth, plain & simple. Yet weâ€™re the malevolent bad guys! WTH?!",efet5n9,neutral
15585,it is adorable that you think that,edj50vp,"caring, excitement"
26797,"It's not his fault, it's your wife's. Shes the one you need to be pissed at",ee6zdni,"anger, annoyance, disgust"
35650,Who took the photo?,edvjsb0,confusion
56934,80k/month? Damn. I need to become a Union Square store,efaud9t,"curiosity, desire"
53363,They just forgot to key in your lunch breaks. Still be happy youâ€™re getting 40,eem28yn,neutral
33175,^ I find both creepy tbh.,ef6melg,approval
18499,That's awesome to hear. Now withdraw every dime from that website and never go back to it ever again.,edmybig,joy
66996,Shes stunning haha,edk21te,admiration
64350,Looks like Venice to me,eedq81m,neutral
23010,I disagree with many picks in this list,edvu9r5,disapproval
65382,You just going into the posse menu and buy the persistent posse. It costs $200. Good luck â¤ï¸,edflkj4,gratitude
45840,"Very little people care, also just because other countries have it is not a reason ",eegosja,disapproval
24799,natural selection will rape her anyway so...,eeptejo,disgust
52575," Therapy really is the only way. It's not easy, but maybe therapy will help you learn to love yourself enough to love someone else one day. ",edbdq0a,"approval, caring"
27325,Are you happy at your work?,efb9fn9,curiosity
55487,The first comment wasn't but when you not wanted you should just fuck off,ef4ah8s,anger
38157,"correct me if iâ€™m wrong but when [NAME] eliminates [NAME], she technically has a better track record than [NAME]?? iâ€™ll fucking cry",edw2y8c,sadness
2165,True. I'm just glad I didn't have to go through my high school years we the her...,ee1oxl5,"approval, gratitude"
26381,So insightful!,ef8rq7h,admiration
2802,Iâ€™m surprised she didnâ€™t name him Allesandrostien,eeqgxa2,disappointment
50214,Spoken like a true man. My science teacher supposedly has ramblings about â€œnot touching people.â€,eesm3ij,approval
28966,The fact half the level has no fucking music is a real pain.,ed6yq3l,neutral
2807,"Sounds like you two are really good together - cheers, and much happiness to you both!",edopy68,"joy, optimism"
27152,"damn, i always get in on these too late",edzyo79,"anger, disappointment"
53289,Adoption is an option. You don't have to force someone to exist but you can let them have a good life.,efgtx0j,neutral
43274,"You really don't comprehend anything my man, now do you? Goodness gracious the amount of stupidity. ",ef462vc,anger
26331,"I don't have anything of value to add, so here's this",ed5umg9,realization
41627,How does ones SO even go through your ph ? Mine is locked with a pass code and a finger print,edx1vzy,neutral
30883,"[NAME]: ""and [NAME] with *another* clutch three!"" Me: ""WHOMST?!""",eezo1dt,neutral
40940,Humans are weird creatures,eetlh0n,surprise
20734,[NAME] dumped me...,eepke7q,neutral
66585,I'm so glad [NAME] is better looking than how he's depicted in UFC EA 3,eei135q,joy
923,"I agree itâ€™s disrespectful to so blatantly disregard her parents wishes but yes, otherwise too uptight.",ee0mvk3,confusion
38475,I agree with you. [NAME] would be awesome here.,edhi5t6,approval
66447,"Damn you really need a girlfriend, dude. ðŸ¤£ ",efer03k,amusement
50099,Because leave voters are now doing nothing for Brexit. Itâ€™s remainers running brexit now with [NAME].,edxacgk,neutral
41450,"For games starting at 7, the bus was leaving the hotel around 4:30, I think.",edm818l,neutral
28100,"I mean, if the kid is 2, this guy could definitely be a gen [NAME] who grew up on smart phones",eeftw6n,neutral
35612,"Yeah, thatâ€™s probably what he was trying to say",edbyb5v,confusion
29314,"Wish I could vote this up 1,000!",efa36cl,optimism
29665,"gotchu lol, in that case sorry you got downvoted to hell for this lol",efepvfa,"disgust, nervousness, sadness"
19814,Celes represent well her talent tho,eeho6w6,admiration
40505,"Subsidies and tax breaks, same as here",edyi0y8,approval
26926,"Hm, I havenâ€™t heard that opinion before but it sounds good. Thanks for the advice!",eeozdy2,"admiration, gratitude"
53855,This was such a pleasure to watch. I wish more episodes were like Brianne.,edpg76w,admiration
32269,And I also appreciate you.,ee9x3j1,admiration
47375,Are you able to see a therapist or counselor?,eek6pil,curiosity
4156,Youâ€™re right. Thank you for the context and information.,eeasphz,"approval, gratitude"
47894,I'm sad that you are against abortion. Can I drop my unwanted baby off at your door ?,efd86w0,"curiosity, sadness"
35592,All of Leviticus is wonderful and interesting. (But I do get the point you are making).,ee5do8b,approval
36164,Damn how do you post something directly to the front page?,ed4pb2x,"admiration, curiosity"
10555,"She has to thank him for his time first, and no throwing! You must be gentle and fold him nicely as you discard him.",ee5sho8,"caring, gratitude"
13375,Damn ive been hard on brown but he's been looking like 15-16 [NAME] this game,edrxoaj,surprise
65806,I'm starting to think that this whole DSJ trade thing is a bunch of BS.,ee9ygcn,neutral
68770,I will never understand why streaming is entertaining.,ed4kb1x,confusion
28586,Every time I see this it makes me so happy.,efecqbd,joy
22516,Theyâ€™re grossed out that these two are blatantly grinding outside of a bar/club environment.,ed1611v,neutral
42241,I'm [RELIGION] and I'm disgusting lol,eeqye33,"amusement, disgust"
62774,"Yeah, but the title sentence is all that really matters.",ef7cb5m,approval
12421,Possibly. I just couldnâ€™t go any further with it. Not after that.,ed81gx3,approval
45386,The classic artifact player response to criticism: you just dont understand it loool,edbt9am,amusement
60867,No. Itâ€™s creepy.,ed9wuen,fear
29036,I'm paranoid that I might not have all of them. A download would be helpful!,ed6ja83,"fear, realization"
24860,"That will catch up to him eventually, but right now he is dangerous",efcbsjc,"caring, optimism"
69800,I mean there's a pretty big community of people that idolize school shooters and rapists so you never know on the internet.,ee3squu,surprise
11460,Lets see how [NAME] goes in Round 6,ee5o7sf,curiosity
66507,annoyed at most,eetglmt,anger
15316,But milk is beta food! Who wants that girly ass shit from a boob? My child will drink bone broth and the tears of broken women!!,ee9lvo2,anger
65504,Thank you. Should I ask them to see the report I gave to the cop so that I donâ€™t mess something up?,edbg59a,"confusion, gratitude"
42015,[NAME]! Scoring ridiculous goals while missing sitters. Love it :-),edev0x8,love
8417,Lol stfu really,edue899,neutral
19788,You've never smelled a woman on her period? It's awful.,ede469c,disgust
40250,I fucking love this GIF so much.,eeymd5d,"excitement, joy"
60942,"> youâ€™re getting downvoted for misusing the word literally Possibly, but a lot of people really dislike him so that could be why also. ",ef57tx2,caring
39986,pro tip they go in the hole better if you chop em up first,ed2428b,neutral
56218,Love anytime we can work [NAME] into a conversation.,efh04ul,love
62290,Thank you once again! I'm officially out of question now lol Happy New Year!,ed8qfex,"amusement, gratitude, joy"
33770,Absolutely! The Republicans are craven,ee7ubq4,fear
66904,Good job shining up your spine and telling him it's over! Your life is going to get so much better with him not dragging you down.,ee1b17j,gratitude
33880,I don't think that's a normal marriage because my husband has never said those kinds of things to me (20 years now),eeq62q0,neutral
63938,"A girl has grown up a lot since she was a 12 year old on the show, and she's grown up to be so beautiful as well.",eeg52n0,admiration
49792,Itâ€™s my birthday too! Iâ€™ve always love it!,eczdwx9,joy
44540,Thatâ€™s a sweet hoodie,edw5tob,"joy, love"
28554,[NAME] is da man. A gangsta mathematician who had the guts to seduce the most beautiful Spartan woman of her time.,eeon5ww,approval
17010,"I mean I'd rather have play him in the infield, but either way someone will get injured and [NAME] will play the infield.",eet5inq,"optimism, realization"
36386,"No. There's a fair amount of nudity, violence and foul language. ",eczj0wm,disgust
3773,That gives you zero right or say over what someone wears. You are wrong.,eddninx,neutral
6471,"Nice little train journey. Come on everyone, shower up before the tour",ef3z1nv,admiration
4859,"Holy shit, your therapist just (inadvertently) explained SO MUCH in my life, internet stranger.",ee8eaek,annoyance
21196,When youâ€™re having a dream and the psycho is coming for you but you canâ€™t move...,eexjide,realization
37841,*hugs my teddy bear and starts crying*,eenri3h,caring
34328,Maybe Streamlight Strion if OP wants something Fenix PD35 sized? Havent used one myself but have heard good things.,ee4g4k6,admiration
69672,Also you forget to say how it triggers an Id check which only a assistant can circumvent,edzyq1h,neutral
18834,"You're the one making a positive claim, give studies or shut up.",edaxz95,approval
17008,"I am a 34-year-old lover of plushies. You are in good company, my friend.",ef8jmmu,admiration
1361,Aww yesss assalamu â€˜alaykum akhi i love when i see a reflective post by you in here,edofqya,love
38270,Welcome to the depressed group,eezmx3c,neutral
11415,"I think there is something odd about it too... We will probably get the truth it the not to distant future, but no one will care. ",eee0blx,confusion
61043,You have another new follower ðŸ˜Š love your work!,ed7a94a,love
29390,"I stand fully corrected, thank you!",ee7onst,gratitude
33637,Thank you for being open to self reflection and for sharing this.,eec1t1y,gratitude
57913,Aaaand yard sale!,ed2q19m,neutral
66972,Just keep it. Youâ€™re going to go through more brain damage than itâ€™s worth.,efai3u9,anger
47393,I still love figment!,ef7qmi7,approval
60324,"Only if they smell like piss, and have chlamydia.",ed7o971,neutral
33246,Nope. Has been and still is my favorite,eev4n9v,admiration
58188,Stupid science bitch,efam8a6,anger
64277,Posted it and so far I'm getting shat on in the comments lol,ee3eg74,amusement
23301,"Unfortunately for [NAME], when [NAME] meet her on the battlefield, his machete will not hesitate. ",edhuf99,neutral
8426,Thank you. Language is weird. Why do you have multiple words for the same thing?,eeihmkq,gratitude
63830,You'll miss a begging old man asking for a spare coin. RIP,eeq2udw,"disappointment, grief, sadness"
21854,"That sounds great, I *love* Rogue One. It's also the movie that's perfectly safe for TLJ fans to despise.",eczwfjj,admiration
14263,I feel left out... I never get invited to our new world order meetings with our elders of zion,ef9v6uv,sadness
67968,Different doctors have different opinions on who should and shouldnâ€™t be vaccinated.,efgzbih,neutral
